graph_id,n,h,beta,method,log_Z,runtime_s
n16_graph0,16,0.0,0.1,exact,11.211396,1.4232
n16_graph0,16,0.0,0.1,js_fpras,11.166237,8.1822
n16_graph0,16,0.0,0.2,exact,11.579760,0.5864
n16_graph0,16,0.0,0.2,js_fpras,11.682874,6.5288
n16_graph0,16,0.0,0.3,exact,12.208845,0.5159
n16_graph0,16,0.0,0.3,js_fpras,12.117968,5.5969
n16_graph0,16,0.0,0.5,exact,14.380214,0.4061
n16_graph0,16,0.0,0.5,js_fpras,14.314896,5.7952
n16_graph0,16,0.0,0.8,exact,20.120869,0.4017
n16_graph0,16,0.0,0.8,js_fpras,19.729649,5.3586
n16_graph0,16,0.0,1.0,exact,24.750655,0.5178
n16_graph0,16,0.0,1.0,js_fpras,24.828444,3.5209
n16_graph0,16,0.0,1.3,exact,31.901299,0.3338
n16_graph0,16,0.0,1.3,js_fpras,31.759054,5.0625
n16_graph0,16,0.0,1.8,exact,43.893513,0.4193
n16_graph0,16,0.0,1.8,js_fpras,44.152435,5.5103
n16_graph0,16,0.0,2.5,exact,60.693152,0.4539
n16_graph0,16,0.0,2.5,js_fpras,60.382346,9.7509
n16_graph0,16,0.0,5.0,exact,120.693147,0.8536
n16_graph0,16,0.0,5.0,js_fpras,120.846583,8.3168
n16_graph0,16,0.1,0.1,exact,11.212495,0.7363
n16_graph0,16,0.1,0.1,js_fpras,11.215334,8.7875
n16_graph0,16,0.1,0.2,exact,11.586041,0.9330
n16_graph0,16,0.1,0.2,js_fpras,11.777428,7.3371
n16_graph0,16,0.1,0.3,exact,12.230102,0.6357
n16_graph0,16,0.1,0.3,js_fpras,12.258241,7.2178
n16_graph0,16,0.1,0.5,exact,14.522358,0.5835
n16_graph0,16,0.1,0.5,js_fpras,14.654235,6.3308
n16_graph0,16,0.1,0.8,exact,20.735684,0.5010
n16_graph0,16,0.1,0.8,js_fpras,20.704623,7.5870
n16_graph0,16,0.1,1.0,exact,25.683807,0.4676
n16_graph0,16,0.1,1.0,js_fpras,25.703030,6.2145
n16_graph0,16,0.1,1.3,exact,33.301405,0.4379
n16_graph0,16,0.1,1.3,js_fpras,33.335229,4.5423
n16_graph0,16,0.1,1.8,exact,46.083390,0.3812
n16_graph0,16,0.1,1.8,js_fpras,46.132991,4.5578
n16_graph0,16,0.1,2.5,exact,64.000338,0.5200
n16_graph0,16,0.1,2.5,js_fpras,64.081086,4.6317
n16_graph0,16,0.1,5.0,exact,128.000000,0.6042
n16_graph0,16,0.1,5.0,js_fpras,127.971902,3.0745
n16_graph0,16,0.2,0.1,exact,11.215788,0.4514
n16_graph0,16,0.2,0.1,js_fpras,11.201984,5.0282
n16_graph0,16,0.2,0.2,exact,11.604856,0.4510
n16_graph0,16,0.2,0.2,js_fpras,11.647459,6.0614
n16_graph0,16,0.2,0.3,exact,12.293323,0.6220
n16_graph0,16,0.2,0.3,js_fpras,12.275079,6.0303
n16_graph0,16,0.2,0.5,exact,14.902829,0.5033
n16_graph0,16,0.2,0.5,js_fpras,14.903430,5.9122
n16_graph0,16,0.2,0.8,exact,21.899658,0.3860
n16_graph0,16,0.2,0.8,js_fpras,22.016300,5.1089
n16_graph0,16,0.2,1.0,exact,27.234048,0.4195
n16_graph0,16,0.2,1.0,js_fpras,27.210800,5.8963
n16_graph0,16,0.2,1.3,exact,35.364538,0.4360
n16_graph0,16,0.2,1.3,js_fpras,35.349407,5.8639
n16_graph0,16,0.2,1.8,exact,48.960175,0.5190
n16_graph0,16,0.2,1.8,js_fpras,48.973180,4.6602
n16_graph0,16,0.2,2.5,exact,68.000002,0.6216
n16_graph0,16,0.2,2.5,js_fpras,67.990195,3.7881
n16_graph0,16,0.2,5.0,exact,136.000000,0.3817
n16_graph0,16,0.2,5.0,js_fpras,136.030487,1.0718
n16_graph0,16,0.5,0.1,exact,11.238822,0.3995
n16_graph0,16,0.5,0.1,js_fpras,11.294666,6.0592
n16_graph0,16,0.5,0.2,exact,11.735362,0.3662
n16_graph0,16,0.5,0.2,js_fpras,11.688325,5.0625
n16_graph0,16,0.5,0.3,exact,12.715099,0.3654
n16_graph0,16,0.5,0.3,js_fpras,12.972575,3.7277
n16_graph0,16,0.5,0.5,exact,16.717827,0.3192
n16_graph0,16,0.5,0.5,js_fpras,16.741250,2.9704
n16_graph0,16,0.5,0.8,exact,25.669520,0.3033
n16_graph0,16,0.5,0.8,js_fpras,25.678699,3.9234
n16_graph0,16,0.5,1.0,exact,32.015923,0.3476
n16_graph0,16,0.5,1.0,js_fpras,32.043061,4.2619
n16_graph0,16,0.5,1.3,exact,41.601852,0.4729
n16_graph0,16,0.5,1.3,js_fpras,41.542901,3.3021
n16_graph0,16,0.5,1.8,exact,57.600054,0.5348
n16_graph0,16,0.5,1.8,js_fpras,57.593771,1.9749
n16_graph0,16,0.5,2.5,exact,80.000000,0.4348
n16_graph0,16,0.5,2.5,js_fpras,79.989662,1.0537
n16_graph0,16,0.5,5.0,exact,160.000000,0.5500
n16_graph0,16,0.5,5.0,js_fpras,160.000230,0.4325
n16_graph0,16,1.0,0.1,exact,11.320774,0.4520
n16_graph0,16,1.0,0.1,js_fpras,11.286820,6.9123
n16_graph0,16,1.0,0.2,exact,12.185603,0.6524
n16_graph0,16,1.0,0.2,js_fpras,12.162638,4.7282
n16_graph0,16,1.0,0.3,exact,14.010783,0.4361
n16_graph0,16,1.0,0.3,js_fpras,13.997475,3.8605
n16_graph0,16,1.0,0.5,exact,20.358163,0.5831
n16_graph0,16,1.0,0.5,js_fpras,20.346186,3.4109
n16_graph0,16,1.0,0.8,exact,32.028323,0.5892
n16_graph0,16,1.0,0.8,js_fpras,32.027099,2.5508
n16_graph0,16,1.0,1.0,exact,40.005523,0.5337
n16_graph0,16,1.0,1.0,js_fpras,40.015492,1.2879
n16_graph0,16,1.0,1.3,exact,52.000491,0.4356
n16_graph0,16,1.0,1.3,js_fpras,52.003378,1.2854
n16_graph0,16,1.0,1.8,exact,72.000009,0.4645
n16_graph0,16,1.0,1.8,js_fpras,72.008528,0.4005
n16_graph0,16,1.0,2.5,exact,100.000000,0.4809
n16_graph0,16,1.0,2.5,js_fpras,99.999370,0.3354
n16_graph0,16,1.0,5.0,exact,200.000000,0.4647
n16_graph0,16,1.0,5.0,js_fpras,200.000001,0.5009
n16_graph1,16,0.0,0.1,exact,11.214570,0.6506
n16_graph1,16,0.0,0.1,js_fpras,11.151654,5.2589
n16_graph1,16,0.0,0.2,exact,11.605842,0.4506
n16_graph1,16,0.0,0.2,js_fpras,11.708399,3.4561
n16_graph1,16,0.0,0.3,exact,12.294910,0.4167
n16_graph1,16,0.0,0.3,js_fpras,12.236375,5.1959
n16_graph1,16,0.0,0.5,exact,14.666278,0.3997
n16_graph1,16,0.0,0.5,js_fpras,14.562525,7.9304
n16_graph1,16,0.0,0.8,exact,20.396233,0.5543
n16_graph1,16,0.0,0.8,js_fpras,20.800642,6.6105
n16_graph1,16,0.0,1.0,exact,24.923424,0.5031
n16_graph1,16,0.0,1.0,js_fpras,24.582401,6.6124
n16_graph1,16,0.0,1.3,exact,31.985936,0.5861
n16_graph1,16,0.0,1.3,js_fpras,31.581612,6.2457
n16_graph1,16,0.0,1.8,exact,43.922066,0.4350
n16_graph1,16,0.0,1.8,js_fpras,43.922023,7.1543
n16_graph1,16,0.0,2.5,exact,60.699960,0.4660
n16_graph1,16,0.0,2.5,js_fpras,60.575958,8.8745
n16_graph1,16,0.0,5.0,exact,120.693193,0.6839
n16_graph1,16,0.0,5.0,js_fpras,121.204247,8.6379
n16_graph1,16,0.1,0.1,exact,11.215667,0.5131
n16_graph1,16,0.1,0.1,js_fpras,11.269636,5.1608
n16_graph1,16,0.1,0.2,exact,11.612043,0.4188
n16_graph1,16,0.1,0.2,js_fpras,11.676624,6.0469
n16_graph1,16,0.1,0.3,exact,12.315150,0.5151
n16_graph1,16,0.1,0.3,js_fpras,12.460249,5.6295
n16_graph1,16,0.1,0.5,exact,14.782848,0.5016
n16_graph1,16,0.1,0.5,js_fpras,15.073180,5.4267
n16_graph1,16,0.1,0.8,exact,20.911041,0.3872
n16_graph1,16,0.1,0.8,js_fpras,21.164750,4.3587
n16_graph1,16,0.1,1.0,exact,25.768543,0.4008
n16_graph1,16,0.1,1.0,js_fpras,25.812537,4.1739
n16_graph1,16,0.1,1.3,exact,33.329941,0.3681
n16_graph1,16,0.1,1.3,js_fpras,33.347857,3.8071
n16_graph1,16,0.1,1.8,exact,46.088723,0.3963
n16_graph1,16,0.1,1.8,js_fpras,45.951303,4.1412
n16_graph1,16,0.1,2.5,exact,64.000928,0.5001
n16_graph1,16,0.1,2.5,js_fpras,64.042278,3.9589
n16_graph1,16,0.1,5.0,exact,128.000000,0.4316
n16_graph1,16,0.1,5.0,js_fpras,128.027278,2.3573
n16_graph1,16,0.2,0.1,exact,11.218956,0.3675
n16_graph1,16,0.2,0.1,js_fpras,11.295957,4.0762
n16_graph1,16,0.2,0.2,exact,11.630619,0.2847
n16_graph1,16,0.2,0.2,js_fpras,11.693828,3.7725
n16_graph1,16,0.2,0.3,exact,12.375421,0.2870
n16_graph1,16,0.2,0.3,js_fpras,12.261936,3.4849
n16_graph1,16,0.2,0.5,exact,15.106097,0.3038
n16_graph1,16,0.2,0.5,js_fpras,15.134674,2.9866
n16_graph1,16,0.2,0.8,exact,21.977487,0.3292
n16_graph1,16,0.2,0.8,js_fpras,21.940897,2.4881
n16_graph1,16,0.2,1.0,exact,27.262932,0.2677
n16_graph1,16,0.2,1.0,js_fpras,27.209851,2.4395
n16_graph1,16,0.2,1.3,exact,35.371601,0.2658
n16_graph1,16,0.2,1.3,js_fpras,35.404410,2.5177
n16_graph1,16,0.2,1.8,exact,48.960992,0.2823
n16_graph1,16,0.2,1.8,js_fpras,49.012016,3.4786
n16_graph1,16,0.2,2.5,exact,68.000048,0.3312
n16_graph1,16,0.2,2.5,js_fpras,67.987961,1.9546
n16_graph1,16,0.2,5.0,exact,136.000000,0.3838
n16_graph1,16,0.2,5.0,js_fpras,135.995283,1.0171
n16_graph1,16,0.5,0.1,exact,11.241959,0.3631
n16_graph1,16,0.5,0.1,js_fpras,11.405014,2.7720
n16_graph1,16,0.5,0.2,exact,11.759530,0.2698
n16_graph1,16,0.5,0.2,js_fpras,11.832499,2.8528
n16_graph1,16,0.5,0.3,exact,12.780180,0.3169
n16_graph1,16,0.5,0.3,js_fpras,12.945621,5.5279
n16_graph1,16,0.5,0.5,exact,16.784734,0.6037
n16_graph1,16,0.5,0.5,js_fpras,16.844412,6.3148
n16_graph1,16,0.5,0.8,exact,25.677646,0.4699
n16_graph1,16,0.5,0.8,js_fpras,25.685636,4.7423
n16_graph1,16,0.5,1.0,exact,32.017621,0.6005
n16_graph1,16,0.5,1.0,js_fpras,32.021155,4.1941
n16_graph1,16,0.5,1.3,exact,41.602022,0.4841
n16_graph1,16,0.5,1.3,js_fpras,41.620420,2.7246
n16_graph1,16,0.5,1.8,exact,57.600059,0.4374
n16_graph1,16,0.5,1.8,js_fpras,57.586593,1.9198
n16_graph1,16,0.5,2.5,exact,80.000000,0.4680
n16_graph1,16,0.5,2.5,js_fpras,79.991038,1.0161
n16_graph1,16,0.5,5.0,exact,160.000000,0.4810
n16_graph1,16,0.5,5.0,js_fpras,160.000428,0.3715
n16_graph1,16,1.0,0.1,exact,11.323803,0.4518
n16_graph1,16,1.0,0.1,js_fpras,11.276590,4.7454
n16_graph1,16,1.0,0.2,exact,12.205035,0.4313
n16_graph1,16,1.0,0.2,js_fpras,12.225770,4.6913
n16_graph1,16,1.0,0.3,exact,14.043667,0.3861
n16_graph1,16,1.0,0.3,js_fpras,13.903878,4.3038
n16_graph1,16,1.0,0.5,exact,20.367859,0.4362
n16_graph1,16,1.0,0.5,js_fpras,20.315040,2.7538
n16_graph1,16,1.0,0.8,exact,32.028654,0.3499
n16_graph1,16,1.0,0.8,js_fpras,32.047482,1.8162
n16_graph1,16,1.0,1.0,exact,40.005553,0.3344
n16_graph1,16,1.0,1.0,js_fpras,39.993621,1.0533
n16_graph1,16,1.0,1.3,exact,52.000492,0.4194
n16_graph1,16,1.0,1.3,js_fpras,51.993703,1.1003
n16_graph1,16,1.0,1.8,exact,72.000009,0.3964
n16_graph1,16,1.0,1.8,js_fpras,72.003467,0.3890
n16_graph1,16,1.0,2.5,exact,100.000000,0.3547
n16_graph1,16,1.0,2.5,js_fpras,99.999902,0.3340
n16_graph1,16,1.0,5.0,exact,200.000000,0.3495
n16_graph1,16,1.0,5.0,js_fpras,200.000012,0.3016
n30_graph0,30,0.0,0.1,js_fpras,20.972105,0.3553
n30_graph0,30,0.0,0.2,js_fpras,21.412095,0.3697
n30_graph0,30,0.0,0.3,js_fpras,22.648555,0.3717
n30_graph0,30,0.0,0.5,js_fpras,27.272352,0.3886
n30_graph0,30,0.0,0.8,js_fpras,37.126107,0.4356
n30_graph0,30,0.0,1.0,js_fpras,45.605378,0.4070
n30_graph0,30,0.0,1.3,js_fpras,59.644993,0.3909
n30_graph0,30,0.0,1.8,js_fpras,81.857900,0.4144
n30_graph0,30,0.0,2.5,js_fpras,113.045416,0.4231
n30_graph0,30,0.0,5.0,js_fpras,226.496728,0.5217
n30_graph0,30,0.1,0.1,js_fpras,21.027316,0.4888
n30_graph0,30,0.1,0.2,js_fpras,21.940547,0.4988
n30_graph0,30,0.1,0.3,js_fpras,22.606832,0.5124
n30_graph0,30,0.1,0.5,js_fpras,26.716022,0.5022
n30_graph0,30,0.1,0.8,js_fpras,38.555562,0.4141
n30_graph0,30,0.1,1.0,js_fpras,48.009279,0.4007
n30_graph0,30,0.1,1.3,js_fpras,62.337637,0.3830
n30_graph0,30,0.1,1.8,js_fpras,86.299166,0.3615
n30_graph0,30,0.1,2.5,js_fpras,120.064344,0.3278
n30_graph0,30,0.1,5.0,js_fpras,239.967280,0.2377
n30_graph0,30,0.2,0.1,js_fpras,21.011739,0.4090
n30_graph0,30,0.2,0.2,js_fpras,21.728162,0.4006
n30_graph0,30,0.2,0.3,js_fpras,22.989184,0.3861
n30_graph0,30,0.2,0.5,js_fpras,27.933432,0.4048
n30_graph0,30,0.2,0.8,js_fpras,41.088022,0.3764
n30_graph0,30,0.2,1.0,js_fpras,50.997841,0.3593
n30_graph0,30,0.2,1.3,js_fpras,66.241150,0.3375
n30_graph0,30,0.2,1.8,js_fpras,91.810692,0.2977
n30_graph0,30,0.2,2.5,js_fpras,127.490532,0.2531
n30_graph0,30,0.2,5.0,js_fpras,255.002866,0.1206
n30_graph0,30,0.5,0.1,js_fpras,21.181653,0.4114
n30_graph0,30,0.5,0.2,js_fpras,21.917882,0.3979
n30_graph0,30,0.5,0.3,js_fpras,23.645455,0.3611
n30_graph0,30,0.5,0.5,js_fpras,31.496310,0.3180
n30_graph0,30,0.5,0.8,js_fpras,48.155438,0.2756
n30_graph0,30,0.5,1.0,js_fpras,60.065380,0.2546
n30_graph0,30,0.5,1.3,js_fpras,78.070288,0.1959
n30_graph0,30,0.5,1.8,js_fpras,108.000250,0.1345
n30_graph0,30,0.5,2.5,js_fpras,150.006771,0.0751
n30_graph0,30,0.5,5.0,js_fpras,299.998570,0.0154
n30_graph0,30,1.0,0.1,js_fpras,21.254533,0.3910
n30_graph0,30,1.0,0.2,js_fpras,22.811998,0.3385
n30_graph0,30,1.0,0.3,js_fpras,26.329678,0.2939
n30_graph0,30,1.0,0.5,js_fpras,38.176089,0.2402
n30_graph0,30,1.0,0.8,js_fpras,60.031198,0.1638
n30_graph0,30,1.0,1.0,js_fpras,75.017974,0.1212
n30_graph0,30,1.0,1.3,js_fpras,97.516672,0.0768
n30_graph0,30,1.0,1.8,js_fpras,135.006867,0.0311
n30_graph0,30,1.0,2.5,js_fpras,187.496846,0.0158
n30_graph0,30,1.0,5.0,js_fpras,374.999995,0.0155
n16_graph2,16,0.0,0.1,exact,11.212458,0.0884
n16_graph2,16,0.0,0.1,js_fpras,11.151215,0.2992
n16_graph2,16,0.0,0.2,exact,11.588180,0.0452
n16_graph2,16,0.0,0.2,js_fpras,11.657634,0.3048
n16_graph2,16,0.0,0.3,exact,12.235373,0.0529
n16_graph2,16,0.0,0.3,js_fpras,12.089179,0.3094
n16_graph2,16,0.0,0.5,exact,14.461723,0.0443
n16_graph2,16,0.0,0.5,js_fpras,14.614098,0.3164
n16_graph2,16,0.0,0.8,exact,20.178466,0.0443
n16_graph2,16,0.0,0.8,js_fpras,20.291434,0.2982
n16_graph2,16,0.0,1.0,exact,24.776009,0.0363
n16_graph2,16,0.0,1.0,js_fpras,25.088958,0.3139
n16_graph2,16,0.0,1.3,exact,31.908075,0.0355
n16_graph2,16,0.0,1.3,js_fpras,31.684470,0.3071
n16_graph2,16,0.0,1.8,exact,43.894322,0.0341
n16_graph2,16,0.0,1.8,js_fpras,44.024132,0.3036
n16_graph2,16,0.0,2.5,exact,60.693199,0.0354
n16_graph2,16,0.0,2.5,js_fpras,60.715386,0.3017
n16_graph2,16,0.0,5.0,exact,120.693147,0.0417
n16_graph2,16,0.0,5.0,js_fpras,120.791559,0.3023
n16_graph2,16,0.1,0.1,exact,11.213555,0.0368
n16_graph2,16,0.1,0.1,js_fpras,11.215965,0.2908
n16_graph2,16,0.1,0.2,exact,11.594436,0.0339
n16_graph2,16,0.1,0.2,js_fpras,11.449653,0.2890
n16_graph2,16,0.1,0.3,exact,12.256337,0.0333
n16_graph2,16,0.1,0.3,js_fpras,12.237212,0.2895
n16_graph2,16,0.1,0.5,exact,14.596639,0.0329
n16_graph2,16,0.1,0.5,js_fpras,14.878314,0.2975
n16_graph2,16,0.1,0.8,exact,20.772736,0.0444
n16_graph2,16,0.1,0.8,js_fpras,20.718731,0.2929
n16_graph2,16,0.1,1.0,exact,25.696941,0.0447
n16_graph2,16,0.1,1.0,js_fpras,25.824637,0.2935
n16_graph2,16,0.1,1.3,exact,33.304036,0.0435
n16_graph2,16,0.1,1.3,js_fpras,33.389983,0.2738
n16_graph2,16,0.1,1.8,exact,46.083590,0.0455
n16_graph2,16,0.1,1.8,js_fpras,46.196163,0.2764
n16_graph2,16,0.1,2.5,exact,64.000345,0.0441
n16_graph2,16,0.1,2.5,js_fpras,63.865092,0.2538
n16_graph2,16,0.1,5.0,exact,128.000000,0.0462
n16_graph2,16,0.1,5.0,js_fpras,128.002653,0.1792
n16_graph2,16,0.2,0.1,exact,11.216848,0.0397
n16_graph2,16,0.2,0.1,js_fpras,11.291697,0.3122
n16_graph2,16,0.2,0.2,exact,11.613178,0.0435
n16_graph2,16,0.2,0.2,js_fpras,11.792514,0.2977
n16_graph2,16,0.2,0.3,exact,12.318706,0.0405
n16_graph2,16,0.2,0.3,js_fpras,12.410035,0.3044
n16_graph2,16,0.2,0.5,exact,14.961204,0.0414
n16_graph2,16,0.2,0.5,js_fpras,14.542408,0.2899
n16_graph2,16,0.2,0.8,exact,21.917381,0.0358
n16_graph2,16,0.2,0.8,js_fpras,21.972039,0.2706
n16_graph2,16,0.2,1.0,exact,27.239287,0.0364
n16_graph2,16,0.2,1.0,js_fpras,27.326285,0.2493
n16_graph2,16,0.2,1.3,exact,35.365386,0.0378
n16_graph2,16,0.2,1.3,js_fpras,35.345927,0.2363
n16_graph2,16,0.2,1.8,exact,48.960220,0.0343
n16_graph2,16,0.2,1.8,js_fpras,48.974959,0.2120
n16_graph2,16,0.2,2.5,exact,68.000003,0.0340
n16_graph2,16,0.2,2.5,js_fpras,68.029861,0.1756
n16_graph2,16,0.2,5.0,exact,136.000000,0.0342
n16_graph2,16,0.2,5.0,js_fpras,136.007053,0.0808
n16_graph2,16,0.5,0.1,exact,11.239872,0.0407
n16_graph2,16,0.5,0.1,js_fpras,11.199841,0.2896
n16_graph2,16,0.5,0.2,exact,11.743192,0.0404
n16_graph2,16,0.5,0.2,js_fpras,11.745490,0.2756
n16_graph2,16,0.5,0.3,exact,12.735527,0.0362
n16_graph2,16,0.5,0.3,js_fpras,12.655068,0.2660
n16_graph2,16,0.5,0.5,exact,16.738624,0.0361
n16_graph2,16,0.5,0.5,js_fpras,16.648510,0.2448
n16_graph2,16,0.5,0.8,exact,25.671997,0.0365
n16_graph2,16,0.5,0.8,js_fpras,25.615487,0.1885
n16_graph2,16,0.5,1.0,exact,32.016400,0.0428
n16_graph2,16,0.5,1.0,js_fpras,32.005942,0.1695
n16_graph2,16,0.5,1.3,exact,41.601891,0.0344
n16_graph2,16,0.5,1.3,js_fpras,41.622774,0.1329
n16_graph2,16,0.5,1.8,exact,57.600055,0.0371
n16_graph2,16,0.5,1.8,js_fpras,57.593591,0.0956
n16_graph2,16,0.5,2.5,exact,80.000000,0.0346
n16_graph2,16,0.5,2.5,js_fpras,80.004840,0.0562
n16_graph2,16,0.5,5.0,exact,160.000000,0.0393
n16_graph2,16,0.5,5.0,js_fpras,160.000370,0.0191
n16_graph2,16,1.0,0.1,exact,11.321787,0.0332
n16_graph2,16,1.0,0.1,js_fpras,11.348632,0.2652
n16_graph2,16,1.0,0.2,exact,12.191959,0.0387
n16_graph2,16,1.0,0.2,js_fpras,12.133585,0.2345
n16_graph2,16,1.0,0.3,exact,14.021542,0.0353
n16_graph2,16,1.0,0.3,js_fpras,14.037460,0.2175
n16_graph2,16,1.0,0.5,exact,20.361612,0.0373
n16_graph2,16,1.0,0.5,js_fpras,20.389651,0.1763
n16_graph2,16,1.0,0.8,exact,32.028451,0.0376
n16_graph2,16,1.0,0.8,js_fpras,32.026583,0.1130
n16_graph2,16,1.0,1.0,exact,40.005535,0.0362
n16_graph2,16,1.0,1.0,js_fpras,40.003019,0.0753
n16_graph2,16,1.0,1.3,exact,52.000491,0.0375
n16_graph2,16,1.0,1.3,js_fpras,51.997856,0.0564
n16_graph2,16,1.0,1.8,exact,72.000009,0.0348
n16_graph2,16,1.0,1.8,js_fpras,71.999324,0.0202
n16_graph2,16,1.0,2.5,exact,100.000000,0.0348
n16_graph2,16,1.0,2.5,js_fpras,100.000081,0.0191
n16_graph2,16,1.0,5.0,exact,200.000000,0.0330
n16_graph2,16,1.0,5.0,js_fpras,200.000002,0.0193
n16_graph3,16,0.0,0.1,exact,11.212570,0.0376
n16_graph3,16,0.0,0.1,js_fpras,11.256021,0.2824
n16_graph3,16,0.0,0.2,exact,11.589896,0.0353
n16_graph3,16,0.0,0.2,js_fpras,11.494677,0.2893
n16_graph3,16,0.0,0.3,exact,12.242614,0.0330
n16_graph3,16,0.0,0.3,js_fpras,12.247271,0.2914
n16_graph3,16,0.0,0.5,exact,14.484356,0.0362
n16_graph3,16,0.0,0.5,js_fpras,14.592280,0.2936
n16_graph3,16,0.0,0.8,exact,20.186290,0.0382
n16_graph3,16,0.0,0.8,js_fpras,20.341553,0.2971
n16_graph3,16,0.0,1.0,exact,24.777734,0.0330
n16_graph3,16,0.0,1.0,js_fpras,24.621307,0.2973
n16_graph3,16,0.0,1.3,exact,31.908221,0.0333
n16_graph3,16,0.0,1.3,js_fpras,31.919796,0.2987
n16_graph3,16,0.0,1.8,exact,43.894324,0.0350
n16_graph3,16,0.0,1.8,js_fpras,43.898153,0.2985
n16_graph3,16,0.0,2.5,exact,60.693199,0.0381
n16_graph3,16,0.0,2.5,js_fpras,60.857326,0.2986
n16_graph3,16,0.0,5.0,exact,120.693147,0.0367
n16_graph3,16,0.0,5.0,js_fpras,120.491818,0.2989
n16_graph3,16,0.1,0.1,exact,11.213667,0.0322
n16_graph3,16,0.1,0.1,js_fpras,11.318319,0.2843
n16_graph3,16,0.1,0.2,exact,11.596145,0.0328
n16_graph3,16,0.1,0.2,js_fpras,11.528797,0.2854
n16_graph3,16,0.1,0.3,exact,12.263470,0.0385
n16_graph3,16,0.1,0.3,js_fpras,12.326001,0.2874
n16_graph3,16,0.1,0.5,exact,14.616845,0.0331
n16_graph3,16,0.1,0.5,js_fpras,14.507723,0.2930
n16_graph3,16,0.1,0.8,exact,20.777328,0.0328
n16_graph3,16,0.1,0.8,js_fpras,20.787957,0.2838
n16_graph3,16,0.1,1.0,exact,25.697697,0.0388
n16_graph3,16,0.1,1.0,js_fpras,25.704764,0.2807
n16_graph3,16,0.1,1.3,exact,33.304079,0.0333
n16_graph3,16,0.1,1.3,js_fpras,33.230666,0.2639
n16_graph3,16,0.1,1.8,exact,46.083591,0.0354
n16_graph3,16,0.1,1.8,js_fpras,46.181880,0.2652
n16_graph3,16,0.1,2.5,exact,64.000345,0.0414
n16_graph3,16,0.1,2.5,js_fpras,64.054478,0.2612
n16_graph3,16,0.1,5.0,exact,128.000000,0.0448
n16_graph3,16,0.1,5.0,js_fpras,128.041753,0.1772
n16_graph3,16,0.2,0.1,exact,11.216959,0.0325
n16_graph3,16,0.2,0.1,js_fpras,11.184413,0.2897
n16_graph3,16,0.2,0.2,exact,11.614866,0.0385
n16_graph3,16,0.2,0.2,js_fpras,11.626938,0.3023
n16_graph3,16,0.2,0.3,exact,12.325527,0.0373
n16_graph3,16,0.2,0.3,js_fpras,12.259238,0.3162
n16_graph3,16,0.2,0.5,exact,14.976147,0.0388
n16_graph3,16,0.2,0.5,js_fpras,15.068207,0.2789
n16_graph3,16,0.2,0.8,exact,21.919124,0.0368
n16_graph3,16,0.2,0.8,js_fpras,21.879589,0.2737
n16_graph3,16,0.2,1.0,exact,27.239501,0.0388
n16_graph3,16,0.2,1.0,js_fpras,27.214373,0.2564
n16_graph3,16,0.2,1.3,exact,35.365395,0.0332
n16_graph3,16,0.2,1.3,js_fpras,35.348528,0.2404
n16_graph3,16,0.2,1.8,exact,48.960220,0.0383
n16_graph3,16,0.2,1.8,js_fpras,48.907958,0.2232
n16_graph3,16,0.2,2.5,exact,68.000003,0.0368
n16_graph3,16,0.2,2.5,js_fpras,67.983276,0.1785
n16_graph3,16,0.2,5.0,exact,136.000000,0.0336
n16_graph3,16,0.2,5.0,js_fpras,135.986324,0.0764
n16_graph3,16,0.5,0.1,exact,11.239982,0.0355
n16_graph3,16,0.5,0.1,js_fpras,11.222192,0.2860
n16_graph3,16,0.5,0.2,exact,11.744745,0.0323
n16_graph3,16,0.5,0.2,js_fpras,11.749394,0.2774
n16_graph3,16,0.5,0.3,exact,12.740608,0.0356
n16_graph3,16,0.5,0.3,js_fpras,12.677523,0.2646
n16_graph3,16,0.5,0.5,exact,16.742415,0.0335
n16_graph3,16,0.5,0.5,js_fpras,16.777048,0.2468
n16_graph3,16,0.5,0.8,exact,25.672116,0.0367
n16_graph3,16,0.5,0.8,js_fpras,25.660610,0.2019
n16_graph3,16,0.5,1.0,exact,32.016409,0.0389
n16_graph3,16,0.5,1.0,js_fpras,32.009238,0.1868
n16_graph3,16,0.5,1.3,exact,41.601892,0.0477
n16_graph3,16,0.5,1.3,js_fpras,41.576065,0.1477
n16_graph3,16,0.5,1.8,exact,57.600055,0.0434
n16_graph3,16,0.5,1.8,js_fpras,57.590684,0.1002
n16_graph3,16,0.5,2.5,exact,80.000000,0.0385
n16_graph3,16,0.5,2.5,js_fpras,79.995732,0.0614
n16_graph3,16,0.5,5.0,exact,160.000000,0.0406
n16_graph3,16,0.5,5.0,js_fpras,159.998590,0.0229
n16_graph3,16,1.0,0.1,exact,11.321892,0.0438
n16_graph3,16,1.0,0.1,js_fpras,11.208119,0.2798
n16_graph3,16,1.0,0.2,exact,12.193129,0.0344
n16_graph3,16,1.0,0.2,js_fpras,12.185401,0.2416
n16_graph3,16,1.0,0.3,exact,14.023666,0.0339
n16_graph3,16,1.0,0.3,js_fpras,13.958280,0.2238
n16_graph3,16,1.0,0.5,exact,20.361952,0.0336
n16_graph3,16,1.0,0.5,js_fpras,20.331031,0.1700
n16_graph3,16,1.0,0.8,exact,32.028454,0.0332
n16_graph3,16,1.0,0.8,js_fpras,32.037362,0.1164
n16_graph3,16,1.0,1.0,exact,40.005535,0.0344
n16_graph3,16,1.0,1.0,js_fpras,40.018464,0.0753
n16_graph3,16,1.0,1.3,exact,52.000491,0.0333
n16_graph3,16,1.0,1.3,js_fpras,52.000298,0.0587
n16_graph3,16,1.0,1.8,exact,72.000009,0.0349
n16_graph3,16,1.0,1.8,js_fpras,71.998816,0.0195
n16_graph3,16,1.0,2.5,exact,100.000000,0.0354
n16_graph3,16,1.0,2.5,js_fpras,100.000644,0.0200
n16_graph3,16,1.0,5.0,exact,200.000000,0.0384
n16_graph3,16,1.0,5.0,js_fpras,200.000005,0.0201
n30_graph1,30,0.0,0.1,js_fpras,21.092729,0.7946
n30_graph1,30,0.0,0.2,js_fpras,21.772747,0.7898
n30_graph1,30,0.0,0.3,js_fpras,22.497634,0.8966
n30_graph1,30,0.0,0.5,js_fpras,27.010244,0.8337
n30_graph1,30,0.0,0.8,js_fpras,36.475278,0.7990
n30_graph1,30,0.0,1.0,js_fpras,46.235229,0.7965
n30_graph1,30,0.0,1.3,js_fpras,59.155699,0.8059
n30_graph1,30,0.0,1.8,js_fpras,81.729396,0.7608
n30_graph1,30,0.0,2.5,js_fpras,112.408906,0.7842
n30_graph1,30,0.0,5.0,js_fpras,225.212817,0.8375
n30_graph1,30,0.1,0.1,js_fpras,20.984876,0.7575
n30_graph1,30,0.1,0.2,js_fpras,21.319693,0.7654
n30_graph1,30,0.1,0.3,js_fpras,22.653225,0.7855
n30_graph1,30,0.1,0.5,js_fpras,27.423600,0.7276
n30_graph1,30,0.1,0.8,js_fpras,38.786841,0.7508
n30_graph1,30,0.1,1.0,js_fpras,48.212146,0.7337
n30_graph1,30,0.1,1.3,js_fpras,62.412195,0.7277
n30_graph1,30,0.1,1.8,js_fpras,86.352900,0.6692
n30_graph1,30,0.1,2.5,js_fpras,120.090608,0.5844
n30_graph1,30,0.1,5.0,js_fpras,239.977923,0.4456
n30_graph1,30,0.2,0.1,js_fpras,21.011387,0.6985
n30_graph1,30,0.2,0.2,js_fpras,21.688848,0.7113
n30_graph1,30,0.2,0.3,js_fpras,22.725270,0.7299
n30_graph1,30,0.2,0.5,js_fpras,27.892753,0.6978
n30_graph1,30,0.2,0.8,js_fpras,41.089375,0.6496
n30_graph1,30,0.2,1.0,js_fpras,51.125257,0.6500
n30_graph1,30,0.2,1.3,js_fpras,66.264810,0.5943
n30_graph1,30,0.2,1.8,js_fpras,91.826464,0.5161
n30_graph1,30,0.2,2.5,js_fpras,127.512588,0.4178
n30_graph1,30,0.2,5.0,js_fpras,255.015767,0.2039
n30_graph1,30,0.5,0.1,js_fpras,21.162000,0.6497
n30_graph1,30,0.5,0.2,js_fpras,22.061419,0.6425
n30_graph1,30,0.5,0.3,js_fpras,23.558185,0.5982
n30_graph1,30,0.5,0.5,js_fpras,31.449459,0.5472
n30_graph1,30,0.5,0.8,js_fpras,48.156635,0.4675
n30_graph1,30,0.5,1.0,js_fpras,60.060458,0.4189
n30_graph1,30,0.5,1.3,js_fpras,78.008598,0.3057
n30_graph1,30,0.5,1.8,js_fpras,107.963281,0.2118
n30_graph1,30,0.5,2.5,js_fpras,150.000575,0.1143
n30_graph1,30,0.5,5.0,js_fpras,299.998824,0.0222
n30_graph1,30,1.0,0.1,js_fpras,21.020540,0.5978
n30_graph1,30,1.0,0.2,js_fpras,22.867149,0.5557
n30_graph1,30,1.0,0.3,js_fpras,26.201802,0.5130
n30_graph1,30,1.0,0.5,js_fpras,38.151648,0.4072
n30_graph1,30,1.0,0.8,js_fpras,60.061529,0.2703
n30_graph1,30,1.0,1.0,js_fpras,75.016844,0.1942
n30_graph1,30,1.0,1.3,js_fpras,97.512451,0.1238
n30_graph1,30,1.0,1.8,js_fpras,134.990880,0.0477
n30_graph1,30,1.0,2.5,js_fpras,187.495906,0.0252
n30_graph1,30,1.0,5.0,js_fpras,375.000008,0.0257
n40_graph0,40,0.0,0.1,js_fpras,27.997178,0.5245
n40_graph0,40,0.0,0.2,js_fpras,28.886888,0.5565
n40_graph0,40,0.0,0.3,js_fpras,30.561351,0.5721
n40_graph0,40,0.0,0.5,js_fpras,35.547868,0.5636
n40_graph0,40,0.0,0.8,js_fpras,48.657142,0.5886
n40_graph0,40,0.0,1.0,js_fpras,60.452570,0.6102
n40_graph0,40,0.0,1.3,js_fpras,78.871395,0.5852
n40_graph0,40,0.0,1.8,js_fpras,107.170587,0.6162
n40_graph0,40,0.0,2.5,js_fpras,150.600010,0.5892
n40_graph0,40,0.0,5.0,js_fpras,300.029058,0.6045
n40_graph0,40,0.1,0.1,js_fpras,28.164549,0.5645
n40_graph0,40,0.1,0.2,js_fpras,29.091767,0.5843
n40_graph0,40,0.1,0.3,js_fpras,30.626211,0.6046
n40_graph0,40,0.1,0.5,js_fpras,36.764800,0.5805
n40_graph0,40,0.1,0.8,js_fpras,51.644118,0.5556
n40_graph0,40,0.1,1.0,js_fpras,64.169678,0.5665
n40_graph0,40,0.1,1.3,js_fpras,82.959563,0.5392
n40_graph0,40,0.1,1.8,js_fpras,115.160087,0.5175
n40_graph0,40,0.1,2.5,js_fpras,160.055375,0.4687
n40_graph0,40,0.1,5.0,js_fpras,319.976822,0.3509
n40_graph0,40,0.2,0.1,js_fpras,28.107452,0.5976
n40_graph0,40,0.2,0.2,js_fpras,29.174930,0.5937
n40_graph0,40,0.2,0.3,js_fpras,30.902009,0.5715
n40_graph0,40,0.2,0.5,js_fpras,37.266554,0.5821
n40_graph0,40,0.2,0.8,js_fpras,54.836307,0.5397
n40_graph0,40,0.2,1.0,js_fpras,67.917871,0.5267
n40_graph0,40,0.2,1.3,js_fpras,88.504210,0.4783
n40_graph0,40,0.2,1.8,js_fpras,122.473082,0.4285
n40_graph0,40,0.2,2.5,js_fpras,169.969551,0.3351
n40_graph0,40,0.2,5.0,js_fpras,339.992210,0.1627
n40_graph0,40,0.5,0.1,js_fpras,28.002619,0.5945
n40_graph0,40,0.5,0.2,js_fpras,29.127989,0.5596
n40_graph0,40,0.5,0.3,js_fpras,31.922630,0.5235
n40_graph0,40,0.5,0.5,js_fpras,41.886582,0.4710
n40_graph0,40,0.5,0.8,js_fpras,64.181956,0.3963
n40_graph0,40,0.5,1.0,js_fpras,80.020219,0.3567
n40_graph0,40,0.5,1.3,js_fpras,104.003049,0.2706
n40_graph0,40,0.5,1.8,js_fpras,144.007576,0.2010
n40_graph0,40,0.5,2.5,js_fpras,200.001196,0.1296
n40_graph0,40,0.5,5.0,js_fpras,400.001331,0.0171
n40_graph0,40,1.0,0.1,js_fpras,28.422714,0.5540
n40_graph0,40,1.0,0.2,js_fpras,30.435314,0.5067
n40_graph0,40,1.0,0.3,js_fpras,35.003700,0.4583
n40_graph0,40,1.0,0.5,js_fpras,50.990568,0.3390
n40_graph0,40,1.0,0.8,js_fpras,80.074577,0.2219
n40_graph0,40,1.0,1.0,js_fpras,100.030520,0.1584
n40_graph0,40,1.0,1.3,js_fpras,129.987609,0.0927
n40_graph0,40,1.0,1.8,js_fpras,180.005989,0.0542
n40_graph0,40,1.0,2.5,js_fpras,249.996998,0.0158
n40_graph0,40,1.0,5.0,js_fpras,500.000020,0.0150
n40_graph1,40,0.0,0.1,js_fpras,28.035245,0.6069
n40_graph1,40,0.0,0.2,js_fpras,28.860091,0.6087
n40_graph1,40,0.0,0.3,js_fpras,30.398621,0.6304
n40_graph1,40,0.0,0.5,js_fpras,35.483714,0.6055
n40_graph1,40,0.0,0.8,js_fpras,48.872586,0.6307
n40_graph1,40,0.0,1.0,js_fpras,61.332214,0.6336
n40_graph1,40,0.0,1.3,js_fpras,79.045931,0.6157
n40_graph1,40,0.0,1.8,js_fpras,108.995630,0.6196
n40_graph1,40,0.0,2.5,js_fpras,151.198447,0.6341
n40_graph1,40,0.0,5.0,js_fpras,301.355018,0.6374
n40_graph1,40,0.1,0.1,js_fpras,28.062996,0.5919
n40_graph1,40,0.1,0.2,js_fpras,28.984460,0.6192
n40_graph1,40,0.1,0.3,js_fpras,30.398589,0.6155
n40_graph1,40,0.1,0.5,js_fpras,36.064786,0.5979
n40_graph1,40,0.1,0.8,js_fpras,51.548277,0.6049
n40_graph1,40,0.1,1.0,js_fpras,64.013982,0.5895
n40_graph1,40,0.1,1.3,js_fpras,82.955029,0.5551
n40_graph1,40,0.1,1.8,js_fpras,115.271949,0.5188
n40_graph1,40,0.1,2.5,js_fpras,160.054662,0.5059
n40_graph1,40,0.1,5.0,js_fpras,319.983895,0.3573
n40_graph1,40,0.2,0.1,js_fpras,28.106565,0.6138
n40_graph1,40,0.2,0.2,js_fpras,28.690576,0.5826
n40_graph1,40,0.2,0.3,js_fpras,30.534209,0.5900
n40_graph1,40,0.2,0.5,js_fpras,36.746990,0.6012
n40_graph1,40,0.2,0.8,js_fpras,54.850683,0.5356
n40_graph1,40,0.2,1.0,js_fpras,67.933884,0.5263
n40_graph1,40,0.2,1.3,js_fpras,88.445813,0.4815
n40_graph1,40,0.2,1.8,js_fpras,122.345831,0.4524
n40_graph1,40,0.2,2.5,js_fpras,169.974107,0.3818
n40_graph1,40,0.2,5.0,js_fpras,340.003887,0.1779
n40_graph1,40,0.5,0.1,js_fpras,28.091385,0.6418
n40_graph1,40,0.5,0.2,js_fpras,29.475528,0.6073
n40_graph1,40,0.5,0.3,js_fpras,31.741397,0.5952
n40_graph1,40,0.5,0.5,js_fpras,41.770939,0.5306
n40_graph1,40,0.5,0.8,js_fpras,64.088561,0.4379
n40_graph1,40,0.5,1.0,js_fpras,79.963704,0.3828
n40_graph1,40,0.5,1.3,js_fpras,104.016519,0.3131
n40_graph1,40,0.5,1.8,js_fpras,144.015384,0.2101
n40_graph1,40,0.5,2.5,js_fpras,199.998717,0.1232
n40_graph1,40,0.5,5.0,js_fpras,400.000537,0.0175
n40_graph1,40,1.0,0.1,js_fpras,28.282186,0.6072
n40_graph1,40,1.0,0.2,js_fpras,30.700127,0.5528
n40_graph1,40,1.0,0.3,js_fpras,34.882201,0.4893
n40_graph1,40,1.0,0.5,js_fpras,50.962699,0.3773
n40_graph1,40,1.0,0.8,js_fpras,80.048463,0.2515
n40_graph1,40,1.0,1.0,js_fpras,100.040088,0.1740
n40_graph1,40,1.0,1.3,js_fpras,130.006447,0.1045
n40_graph1,40,1.0,1.8,js_fpras,179.996226,0.0538
n40_graph1,40,1.0,2.5,js_fpras,249.995938,0.0199
n40_graph1,40,1.0,5.0,js_fpras,499.999990,0.0187
n50_graph0,50,0.0,0.1,js_fpras,34.972748,0.6142
n50_graph0,50,0.0,0.2,js_fpras,36.261901,0.6402
n50_graph0,50,0.0,0.3,js_fpras,38.012585,0.6876
n50_graph0,50,0.0,0.5,js_fpras,44.214476,0.6488
n50_graph0,50,0.0,0.8,js_fpras,60.131819,0.6491
n50_graph0,50,0.0,1.0,js_fpras,75.706553,0.6562
n50_graph0,50,0.0,1.3,js_fpras,97.559959,0.6425
n50_graph0,50,0.0,1.8,js_fpras,135.887917,0.6756
n50_graph0,50,0.0,2.5,js_fpras,187.481684,0.6413
n50_graph0,50,0.0,5.0,js_fpras,376.018612,0.6578
n50_graph0,50,0.1,0.1,js_fpras,35.064434,0.6095
n50_graph0,50,0.1,0.2,js_fpras,36.184410,0.6159
n50_graph0,50,0.1,0.3,js_fpras,38.402218,0.6102
n50_graph0,50,0.1,0.5,js_fpras,44.443333,0.6146
n50_graph0,50,0.1,0.8,js_fpras,64.426565,0.6311
n50_graph0,50,0.1,1.0,js_fpras,80.151753,0.6024
n50_graph0,50,0.1,1.3,js_fpras,104.086957,0.5990
n50_graph0,50,0.1,1.8,js_fpras,144.003609,0.5393
n50_graph0,50,0.1,2.5,js_fpras,199.998257,0.5045
n50_graph0,50,0.1,5.0,js_fpras,399.981911,0.3563
n50_graph0,50,0.2,0.1,js_fpras,35.037118,0.6473
n50_graph0,50,0.2,0.2,js_fpras,36.203423,0.6208
n50_graph0,50,0.2,0.3,js_fpras,38.543573,0.6200
n50_graph0,50,0.2,0.5,js_fpras,46.574352,0.6098
n50_graph0,50,0.2,0.8,js_fpras,68.396640,0.5652
n50_graph0,50,0.2,1.0,js_fpras,84.920101,0.5415
n50_graph0,50,0.2,1.3,js_fpras,110.440372,0.5020
n50_graph0,50,0.2,1.8,js_fpras,153.040439,0.4406
n50_graph0,50,0.2,2.5,js_fpras,212.500841,0.3643
n50_graph0,50,0.2,5.0,js_fpras,424.955985,0.1808
n50_graph0,50,0.5,0.1,js_fpras,35.241035,0.6114
n50_graph0,50,0.5,0.2,js_fpras,36.552272,0.5853
n50_graph0,50,0.5,0.3,js_fpras,39.436549,0.5611
n50_graph0,50,0.5,0.5,js_fpras,52.180616,0.5351
n50_graph0,50,0.5,0.8,js_fpras,80.156141,0.4296
n50_graph0,50,0.5,1.0,js_fpras,100.070607,0.3835
n50_graph0,50,0.5,1.3,js_fpras,130.028838,0.3132
n50_graph0,50,0.5,1.8,js_fpras,180.026608,0.2003
n50_graph0,50,0.5,2.5,js_fpras,249.999855,0.1093
n50_graph0,50,0.5,5.0,js_fpras,500.004227,0.0141
n50_graph0,50,1.0,0.1,js_fpras,35.204427,0.5874
n50_graph0,50,1.0,0.2,js_fpras,37.877710,0.5257
n50_graph0,50,1.0,0.3,js_fpras,44.032042,0.4798
n50_graph0,50,1.0,0.5,js_fpras,63.587051,0.3569
n50_graph0,50,1.0,0.8,js_fpras,100.144558,0.2567
n50_graph0,50,1.0,1.0,js_fpras,125.034605,0.1834
n50_graph0,50,1.0,1.3,js_fpras,162.502447,0.1062
n50_graph0,50,1.0,1.8,js_fpras,225.004662,0.0423
n50_graph0,50,1.0,2.5,js_fpras,312.502568,0.0131
n50_graph0,50,1.0,5.0,js_fpras,625.000012,0.0147
n50_graph1,50,0.0,0.1,js_fpras,35.000654,0.6332
n50_graph1,50,0.0,0.2,js_fpras,36.428506,0.6396
n50_graph1,50,0.0,0.3,js_fpras,37.906092,0.6433
n50_graph1,50,0.0,0.5,js_fpras,44.787585,0.6473
n50_graph1,50,0.0,0.8,js_fpras,61.409875,0.6602
n50_graph1,50,0.0,1.0,js_fpras,75.306305,0.6717
n50_graph1,50,0.0,1.3,js_fpras,98.185728,0.6774
n50_graph1,50,0.0,1.8,js_fpras,136.564306,0.6780
n50_graph1,50,0.0,2.5,js_fpras,188.102995,0.6679
n50_graph1,50,0.0,5.0,js_fpras,375.559313,0.6578
n50_graph1,50,0.1,0.1,js_fpras,34.910474,0.6531
n50_graph1,50,0.1,0.2,js_fpras,36.583095,0.6611
n50_graph1,50,0.1,0.3,js_fpras,38.405545,0.7004
n50_graph1,50,0.1,0.5,js_fpras,44.489298,0.6740
n50_graph1,50,0.1,0.8,js_fpras,64.651865,0.6557
n50_graph1,50,0.1,1.0,js_fpras,80.022935,0.6391
n50_graph1,50,0.1,1.3,js_fpras,104.048095,0.6248
n50_graph1,50,0.1,1.8,js_fpras,144.207055,0.5905
n50_graph1,50,0.1,2.5,js_fpras,200.010625,0.5775
n50_graph1,50,0.1,5.0,js_fpras,399.984295,0.4114
n50_graph1,50,0.2,0.1,js_fpras,35.016099,0.6991
n50_graph1,50,0.2,0.2,js_fpras,36.243575,0.7627
n50_graph1,50,0.2,0.3,js_fpras,38.365957,0.6958
n50_graph1,50,0.2,0.5,js_fpras,47.229855,0.6603
n50_graph1,50,0.2,0.8,js_fpras,68.353914,0.6344
n50_graph1,50,0.2,1.0,js_fpras,84.955837,0.6220
n50_graph1,50,0.2,1.3,js_fpras,110.616120,0.5771
n50_graph1,50,0.2,1.8,js_fpras,153.062523,0.4876
n50_graph1,50,0.2,2.5,js_fpras,212.414303,0.3939
n50_graph1,50,0.2,5.0,js_fpras,424.994274,0.1831
n50_graph1,50,0.5,0.1,js_fpras,35.033915,0.6714
n50_graph1,50,0.5,0.2,js_fpras,36.649794,0.6497
n50_graph1,50,0.5,0.3,js_fpras,39.940810,0.6432
n50_graph1,50,0.5,0.5,js_fpras,52.318439,0.6887
n50_graph1,50,0.5,0.8,js_fpras,80.218096,0.5989
n50_graph1,50,0.5,1.0,js_fpras,99.981261,0.5559
n50_graph1,50,0.5,1.3,js_fpras,130.046718,0.3939
n50_graph1,50,0.5,1.8,js_fpras,180.015048,0.2549
n50_graph1,50,0.5,2.5,js_fpras,249.982810,0.1470
n50_graph1,50,0.5,5.0,js_fpras,500.001134,0.0153
n50_graph1,50,1.0,0.1,js_fpras,35.155277,0.6844
n50_graph1,50,1.0,0.2,js_fpras,38.125211,0.6287
n50_graph1,50,1.0,0.3,js_fpras,43.525186,0.5476
n50_graph1,50,1.0,0.5,js_fpras,63.644213,0.4375
n50_graph1,50,1.0,0.8,js_fpras,100.099744,0.2729
n50_graph1,50,1.0,1.0,js_fpras,125.045835,0.2076
n50_graph1,50,1.0,1.3,js_fpras,162.509854,0.1201
n50_graph1,50,1.0,1.8,js_fpras,224.994194,0.0509
n50_graph1,50,1.0,2.5,js_fpras,312.498459,0.0170
n50_graph1,50,1.0,5.0,js_fpras,625.000002,0.0167
