graph_id,n,h,beta,ref_log_Z
n30_graph0,30,0.0,0.1,21.022717
n30_graph0,30,0.0,0.2,21.714751
n30_graph0,30,0.0,0.3,22.883452
n30_graph0,30,0.0,0.5,26.815572
n30_graph0,30,0.0,0.8,36.889989
n30_graph0,30,0.0,1.0,45.511451
n30_graph0,30,0.0,1.3,58.889073
n30_graph0,30,0.0,1.8,81.366428
n30_graph0,30,0.0,2.5,112.866067
n30_graph0,30,0.0,5.0,225.366067
n30_graph0,30,0.1,0.1,21.025571
n30_graph0,30,0.1,0.2,21.731891
n30_graph0,30,0.1,0.3,22.937062
n30_graph0,30,0.1,0.5,27.181666
n30_graph0,30,0.1,0.8,38.175645
n30_graph0,30,0.1,1.0,47.470587
n30_graph0,30,0.1,1.3,60.873664
n30_graph0,30,0.1,1.8,81.835602
n30_graph0,30,0.1,2.5,113.334228
n30_graph0,30,0.1,5.0,227.640551
n30_graph0,30,0.2,0.1,21.033974
n30_graph0,30,0.2,0.2,21.769280
n30_graph0,30,0.2,0.3,23.062170
n30_graph0,30,0.2,0.5,28.037286
n30_graph0,30,0.2,0.8,40.484456
n30_graph0,30,0.2,1.0,50.461190
n30_graph0,30,0.2,1.3,65.691159
n30_graph0,30,0.2,1.8,91.175392
n30_graph0,30,0.2,2.5,122.674747
n30_graph0,30,0.2,5.0,214.170857
n30_graph0,30,0.5,0.1,21.081072
n30_graph0,30,0.5,0.2,22.041131
n30_graph0,30,0.5,0.3,23.916310
n30_graph0,30,0.5,0.5,31.223437
n30_graph0,30,0.5,0.8,47.435873
n30_graph0,30,0.5,1.0,59.320978
n30_graph0,30,0.5,1.3,77.288363
n30_graph0,30,0.5,1.8,107.282953
n30_graph0,30,0.5,2.5,149.282833
n30_graph0,30,0.5,5.0,299.282833
n30_graph0,30,1.0,0.1,21.260370
n30_graph0,30,1.0,0.2,22.930962
n30_graph0,30,1.0,0.3,26.360351
n30_graph0,30,1.0,0.5,37.719059
n30_graph0,30,1.0,0.8,59.264988
n30_graph0,30,1.0,1.0,74.210649
n30_graph0,30,1.0,1.3,96.695566
n30_graph0,30,1.0,1.8,134.193070
n30_graph0,30,1.0,2.5,186.692969
n30_graph0,30,1.0,5.0,374.192969
n30_graph1,30,0.0,0.1,21.021840
n30_graph1,30,0.0,0.2,21.701293
n30_graph1,30,0.0,0.3,22.838987
n30_graph1,30,0.0,0.5,26.669960
n30_graph1,30,0.0,0.8,36.690762
n30_graph1,30,0.0,1.0,45.344905
n30_graph1,30,0.0,1.3,58.732196
n30_graph1,30,0.0,1.8,81.210303
n30_graph1,30,0.0,2.5,112.709016
n30_graph1,30,0.0,5.0,225.209016
n30_graph1,30,0.1,0.1,21.020080
n30_graph1,30,0.1,0.2,21.706958
n30_graph1,30,0.1,0.3,22.877663
n30_graph1,30,0.1,0.5,27.088489
n30_graph1,30,0.1,0.8,38.156979
n30_graph1,30,0.1,1.0,47.492441
n30_graph1,30,0.1,1.3,61.804423
n30_graph1,30,0.1,1.8,85.786124
n30_graph1,30,0.1,2.5,119.384965
n30_graph1,30,0.1,5.0,239.384965
n30_graph1,30,0.2,0.1,21.028684
n30_graph1,30,0.2,0.2,21.747871
n30_graph1,30,0.2,0.3,23.004384
n30_graph1,30,0.2,0.5,27.936175
n30_graph1,30,0.2,0.8,40.402584
n30_graph1,30,0.2,1.0,50.384482
n30_graph1,30,0.2,1.3,65.615241
n30_graph1,30,0.2,1.8,91.100165
n30_graph1,30,0.2,2.5,126.799074
n30_graph1,30,0.2,5.0,254.299074
n30_graph1,30,0.5,0.1,21.082743
n30_graph1,30,0.5,0.2,22.023779
n30_graph1,30,0.5,0.3,23.871665
n30_graph1,30,0.5,0.5,31.218019
n30_graph1,30,0.5,0.8,47.511991
n30_graph1,30,0.5,1.0,59.397839
n30_graph1,30,0.5,1.3,77.363093
n30_graph1,30,0.5,1.8,107.357059
n30_graph1,30,0.5,2.5,138.856777
n30_graph1,30,0.5,5.0,251.356384
n30_graph1,30,1.0,0.1,21.255531
n30_graph1,30,1.0,0.2,22.922348
n30_graph1,30,1.0,0.3,26.351031
n30_graph1,30,1.0,0.5,37.721339
n30_graph1,30,1.0,0.8,59.290529
n30_graph1,30,1.0,1.0,74.237532
n30_graph1,30,1.0,1.3,96.724587
n30_graph1,30,1.0,1.8,134.223267
n30_graph1,30,1.0,2.5,186.723228
n30_graph1,30,1.0,5.0,374.223228
n40_graph0,40,0.0,0.1,28.031788
n40_graph0,40,0.0,0.2,28.954543
n40_graph0,40,0.0,0.3,30.488751
n40_graph0,40,0.0,0.5,35.551424
n40_graph0,40,0.0,0.8,48.811284
n40_graph0,40,0.0,1.0,60.327244
n40_graph0,40,0.0,1.3,78.162259
n40_graph0,40,0.0,1.8,108.126211
n40_graph0,40,0.0,2.5,150.124408
n40_graph0,40,0.0,5.0,300.123125
n40_graph0,40,0.1,0.1,28.033247
n40_graph0,40,0.1,0.2,28.963922
n40_graph0,40,0.1,0.3,30.539125
n40_graph0,40,0.1,0.5,36.160392
n40_graph0,40,0.1,0.8,50.881307
n40_graph0,40,0.1,1.0,63.304709
n40_graph0,40,0.1,1.3,82.382255
n40_graph0,40,0.1,1.8,114.359598
n40_graph0,40,0.1,2.5,159.157926
n40_graph0,40,0.1,5.0,319.157926
n40_graph0,40,0.2,0.1,28.042785
n40_graph0,40,0.2,0.2,29.009950
n40_graph0,40,0.2,0.3,30.693376
n40_graph0,40,0.2,0.5,37.252225
n40_graph0,40,0.2,0.8,53.856903
n40_graph0,40,0.2,1.0,67.177950
n40_graph0,40,0.2,1.3,87.484566
n40_graph0,40,0.2,1.8,121.468879
n40_graph0,40,0.2,2.5,169.068106
n40_graph0,40,0.2,5.0,339.068106
n40_graph0,40,0.5,0.1,28.108141
n40_graph0,40,0.5,0.2,29.360521
n40_graph0,40,0.5,0.3,31.840198
n40_graph0,40,0.5,0.5,41.643821
n40_graph0,40,0.5,0.8,63.329905
n40_graph0,40,0.5,1.0,79.172102
n40_graph0,40,0.5,1.3,103.121515
n40_graph0,40,0.5,1.8,143.113783
n40_graph0,40,0.5,2.5,199.113641
n40_graph0,40,0.5,5.0,399.113641
n40_graph0,40,1.0,0.1,28.353752
n40_graph0,40,1.0,0.2,30.598014
n40_graph0,40,1.0,0.3,35.191397
n40_graph0,40,1.0,0.5,50.367818
n40_graph0,40,1.0,0.8,79.115729
n40_graph0,40,1.0,1.0,99.047666
n40_graph0,40,1.0,1.3,129.029817
n40_graph0,40,1.0,1.8,179.027135
n40_graph0,40,1.0,2.5,249.026931
n40_graph0,40,1.0,5.0,499.026931
n40_graph1,40,0.0,0.1,28.025164
n40_graph1,40,0.0,0.2,28.921010
n40_graph1,40,0.0,0.3,30.423169
n40_graph1,40,0.0,0.5,35.459881
n40_graph1,40,0.0,0.8,48.723009
n40_graph1,40,0.0,1.0,60.254168
n40_graph1,40,0.0,1.3,78.108058
n40_graph1,40,0.0,1.8,108.076340
n40_graph1,40,0.0,2.5,150.073969
n40_graph1,40,0.0,5.0,300.073969
n40_graph1,40,0.1,0.1,28.027639
n40_graph1,40,0.1,0.2,28.943055
n40_graph1,40,0.1,0.3,30.490155
n40_graph1,40,0.1,0.5,36.046454
n40_graph1,40,0.1,0.8,50.750622
n40_graph1,40,0.1,1.0,63.195228
n40_graph1,40,0.1,1.3,82.280050
n40_graph1,40,0.1,1.8,114.259055
n40_graph1,40,0.1,2.5,159.057797
n40_graph1,40,0.1,5.0,309.057797
n40_graph1,40,0.2,0.1,28.035050
n40_graph1,40,0.2,0.2,28.988984
n40_graph1,40,0.2,0.3,30.662191
n40_graph1,40,0.2,0.5,37.291146
n40_graph1,40,0.2,0.8,54.009267
n40_graph1,40,0.2,1.0,67.327951
n40_graph1,40,0.2,1.3,87.634638
n40_graph1,40,0.2,1.8,117.613172
n40_graph1,40,0.2,2.5,159.609592
n40_graph1,40,0.2,5.0,296.604550
n40_graph1,40,0.5,0.1,28.107470
n40_graph1,40,0.5,0.2,29.353861
n40_graph1,40,0.5,0.3,31.804281
n40_graph1,40,0.5,0.5,41.565606
n40_graph1,40,0.5,0.8,63.261484
n40_graph1,40,0.5,1.0,79.105468
n40_graph1,40,0.5,1.3,103.054891
n40_graph1,40,0.5,1.8,143.044983
n40_graph1,40,0.5,2.5,199.044709
n40_graph1,40,0.5,5.0,399.044709
n40_graph1,40,1.0,0.1,28.335686
n40_graph1,40,1.0,0.2,30.556926
n40_graph1,40,1.0,0.3,35.114834
n40_graph1,40,1.0,0.5,50.233688
n40_graph1,40,1.0,0.8,78.990566
n40_graph1,40,1.0,1.0,98.925629
n40_graph1,40,1.0,1.3,128.908458
n40_graph1,40,1.0,1.8,178.905460
n40_graph1,40,1.0,2.5,248.905393
n40_graph1,40,1.0,5.0,498.905393
